25SFD1,39.52,-31.55
26SLH1,38.61,-29.01
26SLH3,38.61,-28.44
26SMH1,38.62,-27.86
26SMH3,38.62,-27.29
26SMJ2,39.07,-27.87
26SPF3,36.80,-25.04
26SPG1,37.71,-25.58
26SPG3,37.71,-25.01
26WPS1,64.68,-24.45
26WPT1,65.58,-24.42
27RYL3,27.77,-18.23
27VVL1,63.79,-22.52
27VVL3,63.80,-21.51
27VWL1,63.80,-20.49
27VWL2,63.35,-20.50
27VWL3,63.79,-19.48
27VWL4,63.35,-19.50
27VXL1,63.78,-18.49
27VXL2,63.33,-18.50
27WUM3,64.68,-23.55
27WUN3,65.58,-23.58
27WUN4,65.13,-23.57
27WUP4,66.02,-23.60
27WVM1,64.69,-22.57
27WVM2,64.24,-22.55
27WVM3,64.70,-21.52
27WVM4,64.25,-21.52
27WVN1,65.59,-22.63
27WVN2,65.14,-22.60
27WVN3,65.60,-21.54
27WVN4,65.15,-21.53
27WVP1,66.49,-22.68
27WVP2,66.04,-22.66
27WVP4,66.04,-21.55
27WWM1,64.70,-20.48
27WWM2,64.25,-20.48
27WWM3,64.69,-19.43
27WWM4,64.24,-19.45
27WWN1,65.60,-20.46
27WWN2,65.15,-20.47
27WWN3,65.59,-19.37
27WWN4,65.14,-19.40
27WWP2,66.04,-20.45
27WWP4,66.04,-19.34
27WXM1,64.68,-18.45
27WXM2,64.23,-18.47
27WXN1,65.58,-18.42
27WXN2,65.13,-18.43
27WXP2,66.02,-18.40
28RBR1,27.77,-17.77
28RBS1,28.67,-17.78
28RBS4,28.23,-17.29
28RCS1,28.69,-16.79
28RCS2,28.24,-16.78
28RCS3,28.70,-16.28
28RCS4,28.25,-16.27
28RDR1,27.80,-15.76
28RDR3,27.80,-15.25
28RDS2,28.25,-15.76
28RDS4,28.25,-15.25
28RES3,28.70,-14.23
28RES4,28.25,-14.24
28RFS1,28.70,-13.72
28RFS2,28.25,-13.73
28RFT2,29.15,-13.71
28RFT4,29.14,-13.20
28SCA3,32.30,-16.33
28SCB2,32.75,-16.87
28SCB3,33.21,-16.34
28SCB4,32.76,-16.33
28VCR3,63.78,-17.51
28VDR1,63.79,-16.52
28WCS3,64.68,-17.55
28WCS4,64.23,-17.53
28WCT3,65.58,-17.58
28WCT4,65.13,-17.57
28WCU4,66.02,-17.60
28WDS1,64.69,-16.57
28WDS2,64.24,-16.55
28WDS3,64.70,-15.52
28WDS4,64.25,-15.52
28WDT1,65.59,-16.63
28WDT2,65.14,-16.60
28WDT3,65.60,-15.54
28WDT4,65.15,-15.53
28WDU1,66.49,-16.68
28WDU2,66.04,-16.66
28WDU3,66.49,-15.56
28WDU4,66.04,-15.55
28WES1,64.70,-14.48
28WES2,64.25,-14.48
28WET1,65.60,-14.46
28WET2,65.15,-14.47
28WET3,65.59,-13.37
28WET4,65.14,-13.40
28WEU1,66.49,-14.44
28WEU2,66.04,-14.45
29SMC3,38.62,-9.29
29SMD3,39.52,-9.29
29SMD4,39.07,-9.29
29SNA1,36.82,-8.72
29SNA3,36.82,-8.16
29SNB1,37.72,-8.72
29SNB2,37.27,-8.72
29SNB3,37.72,-8.15
29SNB4,37.27,-8.15
29SNC1,38.62,-8.71
29SNC2,38.17,-8.71
29SNC3,38.62,-8.14
29SNC4,38.17,-8.14
29SND1,39.52,-8.71
29SND2,39.07,-8.71
29SND3,39.52,-8.13
29SND4,39.07,-8.13
29SNE2,39.97,-8.71
29SNE4,39.97,-8.12
29SPA1,36.81,-7.60
29SPB1,37.71,-7.58
29SPB2,37.26,-7.59
29SPB3,37.71,-7.01
29SPB4,37.26,-7.03
29SPC1,38.61,-7.56
29SPC2,38.16,-7.57
29SPC3,38.61,-6.99
29SPC4,38.16,-7.00
29SPD1,39.52,-7.55
29SPD2,39.07,-7.56
29SPD3,39.51,-6.96
29SPD4,39.06,-6.98
29SPE2,39.97,-7.54
29SPE4,39.96,-6.95
29SQA1,36.79,-6.48
29SQA2,36.34,-6.49
29SQB1,37.69,-6.37
29SQB2,37.24,-6.46
29SQC1,38.59,-6.35
29SQC2,38.14,-6.36
29SQD1,39.49,-6.34
29SQD2,39.04,-6.34
29SQE2,39.94,-6.33
29TMH3,43.13,-9.31
29TMH4,42.68,-9.31
29TNE1,40.43,-8.71
29TNE3,40.42,-8.12
29TNF1,41.33,-8.70
29TNF2,40.88,-8.70
29TNF3,41.32,-8.10
29TNF4,40.87,-8.11
29TNG1,42.23,-8.70
29TNG2,41.78,-8.70
29TNG3,42.22,-8.09
29TNG4,41.77,-8.10
29TNH1,43.13,-8.69
29TNH2,42.68,-8.69
29TNH3,43.12,-8.08
29TNH4,42.67,-8.08
29TNJ4,43.57,-8.07
29TPE1,40.42,-7.53
29TPE3,40.41,-6.94
29TPF1,41.32,-7.51
29TPF2,40.87,-7.52
29TPF3,41.31,-6.91
29TPF4,40.86,-6.92
29TPG1,42.22,-7.49
29TPG2,41.77,-7.50
29TPG3,42.21,-6.88
29TPG4,41.76,-6.89
29TPH1,43.12,-7.46
29TPH2,42.67,-7.47
29TPH3,43.11,-6.85
29TPH4,42.66,-6.86
29TPJ2,43.57,-7.45
29TPJ4,43.56,-6.83
29TQE1,40.39,-6.32
29TQF1,41.29,-6.31
29TQF2,40.84,-6.31
29TQG1,42.20,-6.29
29TQG2,41.74,-6.30
29TQH1,43.10,-6.27
29TQH2,42.65,-6.28
29TQJ2,43.55,-6.26
29ULT3,52.11,-10.83
29UMA2,54.37,-10.15
29UMA4,54.37,-9.38
29UMT1,52.12,-10.10
29UMT2,51.67,-10.08
29UMT3,52.13,-9.37
29UMT4,51.68,-9.36
29UMU2,52.57,-10.11
29UMU3,53.02,-9.37
29UMU4,52.57,-9.37
29UMV1,53.92,-10.14
29UMV2,53.47,-10.13
29UMV3,53.92,-9.38
29UMV4,53.47,-9.38
29UNA1,54.82,-8.61
29UNA2,54.37,-8.62
29UNA3,54.82,-7.83
29UNA4,54.37,-7.85
29UNB2,55.27,-8.61
29UNB4,55.27,-7.82
29UNT1,52.13,-8.63
29UNT2,51.68,-8.64
29UNT3,52.12,-7.90
29UNT4,51.67,-7.92
29UNU1,53.02,-8.63
29UNU2,52.57,-8.63
29UNU3,53.02,-7.88
29UNU4,52.57,-7.89
29UNV1,53.92,-8.62
29UNV2,53.47,-8.62
29UNV3,53.92,-7.86
29UNV4,53.47,-7.87
29UPA1,54.81,-7.06
29UPA2,54.36,-7.08
29UPA3,54.79,-6.33
29UPA4,54.34,-6.35
29UPB2,55.26,-7.03
29UPB3,55.69,-6.31
29UPB4,55.24,-6.32
29UPR4,49.85,-6.57
29UPT1,52.11,-7.17
29UPT3,52.10,-6.40
29UPU1,53.01,-7.14
29UPU2,52.56,-7.16
29UPU3,53.00,-6.38
29UPU4,52.55,-6.39
29UPV1,53.91,-7.10
29UPV2,53.46,-7.12
29UPV3,53.89,-6.36
29UPV4,53.45,-6.37
29VNC3,56.61,-7.78
29VND3,57.51,-7.75
29VND4,57.06,-7.76
29VNE2,57.97,-8.58
29VNE3,58.41,-7.72
29VNE4,57.96,-7.73
29VNJ3,62.00,-7.57
29VNK4,62.45,-7.55
29VPC1,56.60,-6.96
29VPC2,56.15,-6.99
29VPC3,56.59,-6.28
29VPC4,56.14,-6.29
29VPD1,57.50,-6.91
29VPD2,57.05,-6.94
29VPD3,57.48,-6.00
29VPD4,57.03,-6.00
29VPE1,58.40,-6.86
29VPE2,57.95,-6.89
29VPE3,58.38,-6.00
29VPE4,57.93,-6.00
29VPJ1,61.99,-6.55
29VPJ2,61.54,-6.56
29VPK2,62.43,-6.53
29WMU3,70.98,-9.69
29WNU1,70.98,-8.31
30STE3,35.89,-5.49
30STF3,36.79,-5.52
30STF4,36.34,-5.51
30STG3,37.69,-5.63
30STG4,37.24,-5.54
30STH3,38.59,-5.65
30STH4,38.14,-5.64
30STJ3,39.49,-5.66
30STJ4,39.04,-5.66
30STK4,39.94,-5.67
30SUF1,36.80,-4.96
30SUF2,36.35,-4.95
30SUF3,36.81,-4.40
30SUG1,37.71,-4.99
30SUG2,37.26,-4.97
30SUG3,37.71,-4.42
30SUG4,37.26,-4.41
30SUH1,38.61,-5.01
30SUH2,38.16,-5.00
30SUH3,38.61,-4.44
30SUH4,38.16,-4.43
30SUJ1,39.51,-5.04
30SUJ2,39.06,-5.02
30SUJ3,39.52,-4.45
30SUJ4,39.07,-4.44
30SUK2,39.96,-5.05
30SUK4,39.97,-4.46
30SVF1,36.82,-3.84
30SVF3,36.82,-3.28
30SVG1,37.72,-3.85
30SVG2,37.27,-3.85
30SVG3,37.72,-3.28
30SVG4,37.27,-3.28
30SVH1,38.62,-3.86
30SVH2,38.17,-3.86
30SVH3,38.62,-3.29
30SVH4,38.17,-3.29
30SVJ1,39.52,-3.87
30SVJ2,39.07,-3.87
30SVJ3,39.52,-3.29
30SVJ4,39.07,-3.29
30SVK2,39.97,-3.88
30SVK4,39.97,-3.29
30SWF1,36.82,-2.72
30SWF3,36.82,-2.16
30SWG1,37.72,-2.72
30SWG2,37.27,-2.72
30SWG3,37.72,-2.15
30SWG4,37.27,-2.15
30SWH1,38.62,-2.71
30SWH2,38.17,-2.71
30SWH3,38.62,-2.14
30SWH4,38.17,-2.14
30SWJ1,39.52,-2.71
30SWJ2,39.07,-2.71
30SWJ3,39.52,-2.13
30SWJ4,39.07,-2.13
30SWK2,39.97,-2.71
30SWK4,39.97,-2.12
30SXG1,37.71,-1.58
30SXG2,37.26,-1.59
30SXG3,37.71,-1.01
30SXH1,38.61,-1.56
30SXH2,38.16,-1.57
30SXH3,38.61,-0.99
30SXH4,38.16,-1.00
30SXJ1,39.52,-1.55
30SXJ2,39.07,-1.56
30SXJ3,39.51,-0.96
30SXJ4,39.06,-0.98
30SXK2,39.97,-1.54
30SXK4,39.96,-0.95
30SYG1,37.69,-0.37
30SYH1,38.59,-0.35
30SYH2,38.14,-0.36
30SYJ1,39.49,-0.34
30SYJ2,39.04,-0.34
30SYK2,39.94,-0.33
30TTK3,40.39,-5.68
30TTL3,41.29,-5.69
30TTL4,40.84,-5.69
30TTM3,42.20,-5.71
30TTM4,41.74,-5.70
30TTN3,43.10,-5.73
30TTN4,42.65,-5.72
30TTP4,43.55,-5.74
30TUK1,40.41,-5.06
30TUK3,40.42,-4.47
30TUL1,41.31,-5.09
30TUL2,40.86,-5.08
30TUL3,41.32,-4.49
30TUL4,40.87,-4.48
30TUM1,42.21,-5.12
30TUM2,41.76,-5.11
30TUM3,42.22,-4.51
30TUM4,41.77,-4.50
30TUN1,43.11,-5.15
30TUN2,42.66,-5.14
30TUN3,43.12,-4.54
30TUN4,42.67,-4.53
30TUP2,43.56,-5.17
30TUP4,43.57,-4.55
30TVK1,40.42,-3.88
30TVK3,40.43,-3.29
30TVL1,41.32,-3.90
30TVL2,40.87,-3.89
30TVL3,41.33,-3.30
30TVL4,40.88,-3.30
30TVM1,42.22,-3.91
30TVM2,41.77,-3.90
30TVM3,42.23,-3.30
30TVM4,41.78,-3.30
30TVN1,43.12,-3.92
30TVN2,42.67,-3.92
30TVN3,43.13,-3.31
30TVN4,42.68,-3.31
30TVP2,43.57,-3.93
30TVP4,43.58,-3.31
30TVT1,47.62,-4.00
30TVT3,47.63,-3.33
30TVT4,47.18,-3.33
30TWK1,40.43,-2.71
30TWK3,40.42,-2.12
30TWL1,41.33,-2.70
30TWL2,40.88,-2.70
30TWL3,41.32,-2.10
30TWL4,40.87,-2.11
30TWM1,42.23,-2.70
30TWM2,41.78,-2.70
30TWM3,42.22,-2.09
30TWM4,41.77,-2.10
30TWN1,43.13,-2.69
30TWN2,42.68,-2.69
30TWN3,43.12,-2.08
30TWN4,42.67,-2.08
30TWP2,43.58,-2.69
30TWS1,46.73,-2.67
30TWS3,46.72,-2.02
30TWT1,47.63,-2.67
30TWT2,47.18,-2.67
30TWT3,47.62,-2.00
30TWT4,47.17,-2.01
30TXK1,40.42,-1.53
30TXK3,40.41,-0.94
30TXL1,41.32,-1.51
30TXL2,40.87,-1.52
30TXL3,41.31,-0.91
30TXL4,40.86,-0.92
30TXM1,42.22,-1.49
30TXM2,41.77,-1.50
30TXM3,42.21,-0.88
30TXM4,41.76,-0.89
30TXN1,43.12,-1.46
30TXN2,42.67,-1.47
30TXN3,43.11,-0.85
30TXN4,42.66,-0.86
30TXP1,44.02,-1.44
30TXP2,43.57,-1.45
30TXP3,44.01,-0.82
30TXP4,43.56,-0.83
30TXQ1,44.92,-1.42
30TXQ2,44.47,-1.43
30TXQ3,44.91,-0.78
30TXQ4,44.46,-0.80
30TXR1,45.82,-1.39
30TXR2,45.37,-1.40
30TXR3,45.81,-0.75
30TXR4,45.36,-0.77
30TXS1,46.72,-1.36
30TXS2,46.27,-1.38
30TXS3,46.71,-0.71
30TXS4,46.26,-0.73
30TXT1,47.62,-1.34
30TXT2,47.17,-1.35
30TXT3,47.60,-0.67
30TXT4,47.16,-0.69
30TYK1,40.39,-0.32
30TYL1,41.29,-0.31
30TYL2,40.84,-0.31
30TYM1,42.20,-0.29
30TYM2,41.74,-0.30
30TYN1,43.10,-0.27
30TYN2,42.65,-0.28
30TYP1,44.00,-0.25
30TYP2,43.55,-0.26
30TYQ1,44.89,-0.23
30TYQ2,44.45,-0.24
30TYR1,45.79,-0.21
30TYR2,45.34,-0.22
30TYS1,46.69,0.00
30TYS2,46.24,0.00
30TYT1,47.59,0.00
30TYT2,47.14,0.00
30UUA1,50.30,-5.55
30UUA2,49.85,-5.43
30UUA3,50.31,-4.76
30UUA4,49.86,-4.74
30UUB3,51.21,-4.79
30UUB4,50.76,-4.77
30UUC1,52.10,-5.60
30UUC2,51.65,-5.58
30UUC3,52.11,-4.83
30UUC4,51.66,-4.81
30UUD3,53.01,-4.86
30UUE3,53.91,-4.90
30UUE4,53.46,-4.88
30UUF1,54.79,-5.67
30UUF2,54.34,-5.65
30UUF3,54.81,-4.94
30UUF4,54.36,-4.92
30UUG1,55.69,-5.69
30UUG2,55.24,-5.68
30UUG3,55.70,-4.99
30UUG4,55.26,-4.97
30UUU1,48.50,-5.37
30UUU3,48.52,-4.69
30UUU4,48.07,-4.68
30UVA1,50.32,-4.05
30UVA3,50.33,-3.35
30UVB1,51.22,-4.07
30UVB2,50.77,-4.06
30UVB3,51.23,-3.36
30UVB4,50.78,-3.35
30UVC1,52.12,-4.10
30UVC2,51.67,-4.08
30UVC3,52.13,-3.37
30UVC4,51.68,-3.36
30UVD1,53.02,-4.12
30UVD2,52.57,-4.11
30UVD3,53.02,-3.37
30UVD4,52.57,-3.37
30UVE2,53.47,-4.13
30UVE3,53.92,-3.38
30UVE4,53.47,-3.38
30UVF1,54.82,-4.17
30UVF2,54.37,-4.15
30UVF3,54.82,-3.39
30UVF4,54.37,-3.38
30UVG1,55.71,-4.19
30UVG2,55.27,-4.18
30UVG3,55.72,-3.40
30UVG4,55.27,-3.39
30UVU1,48.52,-4.02
30UVU2,48.07,-4.01
30UVU3,48.53,-3.34
30UVU4,48.08,-3.34
30UVV4,48.98,-3.34
30UWA1,50.33,-2.65
30UWA4,49.87,-1.96
30UWB1,51.23,-2.64
30UWB2,50.78,-2.65
30UWB3,51.22,-1.93
30UWB4,50.77,-1.94
30UWC1,52.13,-2.63
30UWC2,51.68,-2.64
30UWC3,52.12,-1.90
30UWC4,51.67,-1.92
30UWD1,53.02,-2.63
30UWD2,52.57,-2.63
30UWD3,53.02,-1.88
30UWD4,52.57,-1.89
30UWE1,53.92,-2.62
30UWE2,53.47,-2.62
30UWE3,53.92,-1.86
30UWE4,53.47,-1.87
30UWF1,54.82,-2.61
30UWF2,54.37,-2.62
30UWF3,54.82,-1.83
30UWF4,54.37,-1.85
30UWG1,55.72,-2.60
30UWG2,55.27,-2.61
30UWG3,55.71,-1.81
30UWG4,55.27,-1.82
30UWU1,48.53,-2.66
30UWU2,48.08,-2.66
30UWU3,48.52,-1.98
30UWU4,48.07,-1.99
30UWV1,49.43,-2.66
30UWV3,49.42,-1.97
30UWV4,48.97,-1.98
30UXA2,49.86,-1.26
30UXB1,51.21,-1.21
30UXB2,50.76,-1.23
30UXB3,51.20,-0.43
30UXB4,50.75,-0.44
30UXC1,52.11,-1.17
30UXC2,51.66,-1.19
30UXC3,52.10,-0.40
30UXC4,51.65,-0.42
30UXD1,53.01,-1.14
30UXD2,52.56,-1.16
30UXD3,53.00,-0.38
30UXD4,52.55,-0.39
30UXE1,53.91,-1.10
30UXE2,53.46,-1.12
30UXE3,53.89,-0.36
30UXE4,53.45,-0.37
30UXF1,54.81,-1.06
30UXF2,54.36,-1.08
30UXF4,54.34,-0.35
30UXU1,48.52,-1.31
30UXU2,48.07,-1.32
30UXU3,48.50,-0.63
30UXU4,48.05,-0.65
30UXV1,49.41,-1.28
30UXV2,48.97,-1.29
30UXV3,49.40,-0.59
30UXV4,48.95,-0.61
30UYU1,48.49,0.00
30UYU2,48.04,0.00
30VUH1,56.59,-5.72
30VUH2,56.14,-5.71
30VUH3,56.60,-5.04
30VUH4,56.15,-5.01
30VUJ3,57.50,-5.09
30VUJ4,57.05,-5.06
30VUK3,58.40,-5.14
30VUK4,57.95,-5.11
30VVH1,56.61,-4.22
30VVH2,56.16,-4.21
30VVH3,56.62,-3.41
30VVH4,56.17,-3.40
30VVJ1,57.51,-4.25
30VVJ2,57.06,-4.24
30VVJ3,57.52,-3.42
30VVJ4,57.07,-3.41
30VVK1,58.41,-4.28
30VVK2,57.96,-4.27
30VVK3,58.42,-3.43
30VVK4,57.97,-3.42
30VVL1,59.31,-4.32
30VVL3,59.31,-3.44
30VVL4,58.86,-3.43
30VWH1,56.62,-2.59
30VWH2,56.17,-2.60
30VWJ1,57.52,-2.58
30VWJ2,57.07,-2.59
30VWJ3,57.51,-1.75
30VWJ4,57.06,-1.76
30VWL1,59.31,-2.56
30VWL2,58.86,-2.57
30VWL3,59.31,-1.68
30VWM3,60.20,-1.65
30VWM4,59.76,-1.67
30VWN4,60.65,-1.63
30VXM1,60.19,-0.75
30VXM2,59.74,-0.78
30VXN2,60.64,-0.59
31SBC3,38.59,0.35
31SBD4,39.04,0.34
31SBE4,39.94,0.33
31SCC3,38.61,1.56
31SCD2,39.06,0.98
31SCD4,39.07,1.56
31SDD1,39.52,2.13
31SDD3,39.52,2.71
31SDD4,39.07,2.71
31SDE4,39.97,2.71
31SED1,39.52,3.29
31SED2,39.07,3.29
31SEE2,39.97,3.29
31SEE4,39.97,3.88
31SFE2,39.97,4.46
31TBE3,40.39,0.32
31TBF3,41.29,0.31
31TBF4,40.84,0.31
31TBG3,42.20,0.29
31TBG4,41.74,0.30
31TBH3,43.10,0.27
31TBH4,42.65,0.28
31TBJ3,44.00,0.25
31TBJ4,43.55,0.26
31TBK3,44.89,0.23
31TBK4,44.45,0.24
31TBL3,45.79,0.21
31TBL4,45.34,0.22
31TCF1,41.31,0.91
31TCF2,40.86,0.92
31TCF3,41.32,1.51
31TCG1,42.21,0.88
31TCG2,41.76,0.89
31TCG3,42.22,1.49
31TCG4,41.77,1.50
31TCH1,43.11,0.85
31TCH2,42.66,0.86
31TCH3,43.12,1.46
31TCH4,42.67,1.47
31TCJ1,44.01,0.82
31TCJ2,43.56,0.83
31TCJ3,44.02,1.44
31TCJ4,43.57,1.45
31TCK1,44.91,0.78
31TCK2,44.46,0.80
31TCK3,44.92,1.42
31TCK4,44.47,1.43
31TCL1,45.81,0.75
31TCL2,45.36,0.77
31TCL3,45.82,1.39
31TCL4,45.37,1.40
31TCM1,46.71,0.71
31TCM2,46.26,0.73
31TCM3,46.72,1.36
31TCM4,46.27,1.38
31TCN1,47.60,0.67
31TCN2,47.16,0.69
31TCN3,47.62,1.34
31TCN4,47.17,1.35
31TDF1,41.32,2.10
31TDG1,42.22,2.09
31TDG2,41.77,2.10
31TDG3,42.23,2.70
31TDG4,41.78,2.70
31TDH1,43.12,2.08
31TDH2,42.67,2.08
31TDH3,43.13,2.69
31TDH4,42.68,2.69
31TDJ1,44.02,2.06
31TDJ2,43.57,2.07
31TDJ3,44.03,2.69
31TDJ4,43.58,2.69
31TDK1,44.92,2.05
31TDK2,44.47,2.06
31TDK3,44.93,2.68
31TDK4,44.48,2.69
31TDL1,45.82,2.03
31TDL2,45.37,2.04
31TDL3,45.83,2.68
31TDL4,45.38,2.68
31TDM1,46.72,2.02
31TDM2,46.27,2.03
31TDM3,46.73,2.67
31TDM4,46.28,2.68
31TDN1,47.62,2.00
31TDN2,47.17,2.01
31TDN3,47.63,2.67
31TDN4,47.18,2.67
31TEG1,42.23,3.30
31TEG2,41.78,3.30
31TEH1,43.13,3.31
31TEJ1,44.03,3.31
31TEJ2,43.58,3.31
31TEJ3,44.02,3.94
31TEJ4,43.57,3.93
31TEK1,44.93,3.32
31TEK2,44.48,3.31
31TEK3,44.92,3.95
31TEK4,44.47,3.94
31TEL1,45.83,3.32
31TEL2,45.38,3.32
31TEL3,45.82,3.97
31TEL4,45.37,3.96
31TEM1,46.73,3.33
31TEM2,46.28,3.32
31TEM3,46.72,3.98
31TEM4,46.27,3.97
31TEN1,47.63,3.33
31TEN2,47.18,3.33
31TEN3,47.62,4.00
31TEN4,47.17,3.99
31TFH3,43.11,5.15
31TFJ1,44.02,4.56
31TFJ2,43.57,4.55
31TFJ3,44.01,5.18
31TFJ4,43.56,5.17
31TFK1,44.92,4.58
31TFK2,44.47,4.57
31TFK3,44.91,5.22
31TFK4,44.46,5.20
31TFL1,45.82,4.61
31TFL2,45.37,4.60
31TFL3,45.81,5.25
31TFL4,45.36,5.23
31TFM1,46.72,4.64
31TFM2,46.27,4.62
31TFM3,46.71,5.29
31TFM4,46.26,5.27
31TFN1,47.62,4.66
31TFN2,47.17,4.65
31TFN3,47.60,5.33
31TFN4,47.16,5.31
31TGH1,43.10,5.73
31TGJ1,44.00,5.75
31TGJ2,43.55,5.74
31TGK1,44.89,5.77
31TGK2,44.45,5.76
31TGL1,45.79,5.79
31TGL2,45.34,5.78
31TGM1,46.69,6.00
31TGM2,46.24,6.00
31TGN1,47.59,6.00
31TGN2,47.14,6.00
31UCP1,48.50,0.63
31UCP2,48.05,0.65
31UCP3,48.52,1.31
31UCP4,48.07,1.32
31UCQ1,49.40,0.59
31UCQ2,48.95,0.61
31UCQ3,49.41,1.28
31UCQ4,48.97,1.29
31UCR2,49.85,0.57
31UCR3,50.31,1.24
31UCR4,49.86,1.26
31UCS1,51.20,0.43
31UCS2,50.75,0.44
31UCS3,51.21,1.21
31UCS4,50.76,1.23
31UCT1,52.10,0.40
31UCT2,51.65,0.42
31UCT3,52.11,1.17
31UCT4,51.66,1.19
31UCU1,53.00,0.38
31UCU2,52.55,0.39
31UCU3,53.01,1.14
31UCU4,52.56,1.16
31UCV1,53.89,0.36
31UCV2,53.45,0.37
31UDP1,48.52,1.98
31UDP2,48.07,1.99
31UDP3,48.53,2.66
31UDP4,48.08,2.66
31UDQ1,49.42,1.97
31UDQ2,48.97,1.98
31UDQ3,49.43,2.66
31UDQ4,48.98,2.66
31UDR1,50.32,1.95
31UDR2,49.87,1.96
31UDR3,50.33,2.65
31UDR4,49.88,2.65
31UDS2,50.77,1.94
31UDS3,51.23,2.64
31UDS4,50.78,2.65
31UDT1,52.12,1.90
31UDU2,52.57,1.89
31UEP1,48.53,3.34
31UEP2,48.08,3.34
31UEP3,48.52,4.02
31UEP4,48.07,4.01
31UEQ1,49.43,3.34
31UEQ2,48.98,3.34
31UEQ3,49.42,4.03
31UEQ4,48.97,4.02
31UER1,50.33,3.35
31UER2,49.88,3.35
31UER3,50.32,4.05
31UER4,49.87,4.04
31UES1,51.23,3.36
31UES2,50.78,3.35
31UES3,51.22,4.07
31UES4,50.77,4.06
31UET2,51.68,3.36
31UET3,52.12,4.10
31UET4,51.67,4.08
31UFP1,48.52,4.69
31UFP2,48.07,4.68
31UFP3,48.50,5.37
31UFP4,48.05,5.35
31UFQ1,49.41,4.72
31UFQ2,48.97,4.71
31UFQ3,49.40,5.41
31UFQ4,48.95,5.39
31UFR1,50.31,4.76
31UFR2,49.86,4.74
31UFR3,50.30,5.55
31UFR4,49.85,5.43
31UFS1,51.21,4.79
31UFS2,50.76,4.77
31UFS3,51.20,5.57
31UFS4,50.75,5.56
31UFT1,52.11,4.83
31UFT2,51.66,4.81
31UFT3,52.10,5.60
31UFT4,51.65,5.58
31UFU1,53.01,4.86
31UFU2,52.56,4.84
31UFU3,53.00,5.62
31UFU4,52.55,5.61
31UFV2,53.46,4.88
31UFV4,53.45,5.63
31UGP1,48.49,6.00
31UGP2,48.04,6.00
31UGQ1,49.39,6.00
32SMJ1,39.52,8.13
32SMJ2,39.07,8.13
32SMJ3,39.52,8.71
32SMJ4,39.07,8.71
32SMK2,39.97,8.12
32SMK4,39.97,8.71
32SNJ1,39.52,9.29
32SNJ2,39.07,9.29
32SNJ3,39.52,9.87
32SNJ4,39.07,9.87
32SNK2,39.97,9.29
32SNK4,39.97,9.88
32SQF1,36.79,11.52
32TKN3,43.10,6.27
32TKP3,44.00,6.25
32TKP4,43.55,6.26
32TKQ3,44.89,6.23
32TKQ4,44.45,6.24
32TKR3,45.79,6.21
32TKR4,45.34,6.22
32TLP1,44.01,6.82
32TLP2,43.56,6.83
32TLP3,44.02,7.44
32TLP4,43.57,7.45
32TLQ1,44.91,6.78
32TLQ2,44.46,6.80
32TLQ3,44.92,7.42
32TLQ4,44.47,7.43
32TLR1,45.81,6.75
32TLR2,45.36,6.77
32TLR3,45.82,7.39
32TLR4,45.37,7.40
32TLS1,46.71,6.71
32TLS2,46.26,6.73
32TLS3,46.72,7.36
32TLS4,46.27,7.38
32TLT1,47.60,6.67
32TLT2,47.16,6.69
32TLT3,47.62,7.34
32TLT4,47.17,7.35
32TMK1,40.42,8.12
32TMK3,40.43,8.71
32TML1,41.32,8.10
32TML2,40.87,8.11
32TML3,41.33,8.70
32TML4,40.88,8.70
32TMM3,42.23,8.70
32TMM4,41.78,8.70
32TMN4,42.68,8.69
32TMP1,44.02,8.06
32TMP3,44.03,8.69
32TMQ1,44.92,8.05
32TMQ2,44.47,8.06
32TMQ3,44.93,8.68
32TMQ4,44.48,8.69
32TMR1,45.82,8.03
32TMR2,45.37,8.04
32TMR3,45.83,8.68
32TMR4,45.38,8.68
32TMS1,46.72,8.02
32TMS2,46.27,8.03
32TMS3,46.73,8.67
32TMS4,46.28,8.68
32TMT1,47.62,8.00
32TMT2,47.17,8.01
32TMT3,47.63,8.67
32TMT4,47.18,8.67
32TNK1,40.43,9.29
32TNK3,40.42,9.88
32TNL1,41.33,9.30
32TNL2,40.88,9.30
32TNL4,40.87,9.89
32TNM1,42.23,9.30
32TNM2,41.78,9.30
32TNN1,43.13,9.31
32TNN2,42.68,9.31
32TNN3,43.12,9.92
32TNN4,42.67,9.92
32TNP1,44.03,9.31
32TNP3,44.02,9.94
32TNQ1,44.93,9.32
32TNQ2,44.48,9.31
32TNQ3,44.92,9.95
32TNQ4,44.47,9.94
32TNR1,45.83,9.32
32TNR2,45.38,9.32
32TNR3,45.82,9.97
32TNR4,45.37,9.96
32TNS1,46.73,9.33
32TNS2,46.28,9.32
32TNS3,46.72,9.98
32TNS4,46.27,9.97
32TNT1,47.63,9.33
32TNT2,47.18,9.33
32TNT3,47.62,10.00
32TNT4,47.17,9.99
32TPM1,42.22,10.51
32TPM3,42.21,11.12
32TPN1,43.12,10.54
32TPN2,42.67,10.53
32TPN3,43.11,11.15
32TPN4,42.66,11.14
32TPP1,44.02,10.56
32TPP2,43.57,10.55
32TPP3,44.01,11.18
32TPP4,43.56,11.17
32TPQ1,44.92,10.58
32TPQ2,44.47,10.57
32TPQ3,44.91,11.22
32TPQ4,44.46,11.20
32TPR1,45.82,10.61
32TPR2,45.37,10.60
32TPR3,45.81,11.25
32TPR4,45.36,11.23
32TPS1,46.72,10.64
32TPS2,46.27,10.62
32TPS3,46.71,11.29
32TPS4,46.26,11.27
32TPT1,47.62,10.66
32TPT2,47.17,10.65
32TPT3,47.60,11.33
32TPT4,47.16,11.31
32TQM1,42.20,11.71
32TQN1,43.10,11.73
32TQN2,42.65,11.72
32TQP1,44.00,11.75
32TQP2,43.55,11.74
32TQQ1,44.89,11.77
32TQQ2,44.45,11.76
32TQR1,45.79,11.79
32TQR2,45.34,11.78
32TQS1,46.69,12.00
32TQS2,46.24,12.00
32TQT1,47.59,12.00
32TQT2,47.14,12.00
32ULA1,50.30,6.45
32ULA2,49.85,6.57
32ULA3,50.31,7.24
32ULA4,49.86,7.26
32ULB1,51.20,6.43
32ULB2,50.75,6.44
32ULB3,51.21,7.21
32ULB4,50.76,7.23
32ULC1,52.10,6.40
32ULC2,51.65,6.42
32ULC3,52.11,7.17
32ULC4,51.66,7.19
32ULD1,53.00,6.38
32ULD2,52.55,6.39
32ULD3,53.01,7.14
32ULD4,52.56,7.16
32ULE2,53.45,6.37
32ULE3,53.91,7.10
32ULE4,53.46,7.12
32ULU1,48.50,6.63
32ULU2,48.05,6.65
32ULU3,48.52,7.31
32ULU4,48.07,7.32
32ULV1,49.40,6.59
32ULV2,48.95,6.61
32ULV3,49.41,7.28
32ULV4,48.97,7.29
32UMA1,50.32,7.95
32UMA2,49.87,7.96
32UMA3,50.33,8.65
32UMA4,49.88,8.65
32UMB1,51.22,7.93
32UMB2,50.77,7.94
32UMB3,51.23,8.64
32UMB4,50.78,8.65
32UMC1,52.12,7.90
32UMC2,51.67,7.92
32UMC3,52.13,8.63
32UMC4,51.68,8.64
32UMD1,53.02,7.88
32UMD2,52.57,7.89
32UMD3,53.02,8.63
32UMD4,52.57,8.63
32UME1,53.92,7.86
32UME2,53.47,7.87
32UME3,53.92,8.62
32UME4,53.47,8.62
32UMF2,54.37,7.85
32UMF3,54.82,8.61
32UMF4,54.37,8.62
32UMG1,55.71,7.81
32UMG3,55.72,8.60
32UMG4,55.27,8.61
32UMU1,48.52,7.98
32UMU2,48.07,7.99
32UMU3,48.53,8.66
32UMU4,48.08,8.66
32UMV1,49.42,7.97
32UMV2,48.97,7.98
32UMV3,49.43,8.66
32UMV4,48.98,8.66
32UNA1,50.33,9.35
32UNA2,49.88,9.35
32UNA3,50.32,10.05
32UNA4,49.87,10.04
32UNB1,51.23,9.36
32UNB2,50.78,9.35
32UNB3,51.22,10.07
32UNB4,50.77,10.06
32UNC1,52.13,9.37
32UNC2,51.68,9.36
32UNC3,52.12,10.10
32UNC4,51.67,10.08
32UND1,53.02,9.37
32UND2,52.57,9.37
32UND3,53.02,10.12
32UND4,52.57,10.11
32UNE1,53.92,9.38
32UNE2,53.47,9.38
32UNE3,53.92,10.14
32UNE4,53.47,10.13
32UNF1,54.82,9.39
32UNF2,54.37,9.38
32UNF3,54.82,10.17
32UNF4,54.37,10.15
32UNG1,55.72,9.40
32UNG2,55.27,9.39
32UNG3,55.71,10.19
32UNG4,55.27,10.18
32UNU1,48.53,9.34
32UNU2,48.08,9.34
32UNU3,48.52,10.02
32UNU4,48.07,10.01
32UNV1,49.43,9.34
32UNV2,48.98,9.34
32UNV3,49.42,10.03
32UNV4,48.97,10.02
32UPA1,50.31,10.76
32UPA2,49.86,10.74
32UPA3,50.30,11.55
32UPA4,49.85,11.43
32UPB1,51.21,10.79
32UPB2,50.76,10.77
32UPB3,51.20,11.57
32UPB4,50.75,11.56
32UPC1,52.11,10.83
32UPC2,51.66,10.81
32UPC3,52.10,11.60
32UPC4,51.65,11.58
32UPD1,53.01,10.86
32UPD2,52.56,10.84
32UPD3,53.00,11.62
32UPD4,52.55,11.61
32UPE1,53.91,10.90
32UPE2,53.46,10.88
32UPE3,53.89,11.64
32UPE4,53.45,11.63
32UPF1,54.81,10.94
32UPF2,54.36,10.92
32UPF3,54.79,11.67
32UPF4,54.34,11.65
32UPG1,55.70,10.99
32UPG2,55.26,10.97
32UPG3,55.69,11.69
32UPG4,55.24,11.68
32UPU1,48.52,10.69
32UPU2,48.07,10.68
32UPU3,48.50,11.37
32UPU4,48.05,11.35
32UPV1,49.41,10.72
32UPV2,48.97,10.71
32UPV3,49.40,11.41
32UPV4,48.95,11.39
32UQU1,48.49,12.00
32UQU2,48.04,12.00
32VKL3,59.25,5.05
32VKL4,58.81,5.10
32VKM3,60.15,4.95
32VKM4,59.70,5.00
32VKN3,61.05,4.83
32VKN4,60.60,4.89
32VKP3,61.94,4.71
32VKP4,61.49,4.77
32VLK1,58.38,6.01
32VLK3,58.40,6.86
32VLK4,57.95,6.89
32VLL1,59.28,5.93
32VLL2,58.83,5.97
32VLL3,59.30,6.81
32VLL4,58.85,6.83
32VLM3,60.19,6.75
32VLM4,59.74,6.78
32VLN3,61.09,6.68
32VLN4,60.64,6.71
32VLP1,61.97,5.66
32VLP2,61.52,5.71
32VLP3,61.99,6.61
32VLP4,61.54,6.65
32VLQ2,62.41,5.61
32VLQ3,62.88,6.54
32VLQ4,62.44,6.58
32VMH1,56.61,7.78
32VMH2,56.16,7.79
32VMH3,56.62,8.59
32VMH4,56.17,8.60
32VMJ4,57.07,8.59
32VMK1,58.41,7.72
32VMK2,57.96,7.73
32VMK3,58.42,8.57
32VML1,59.31,7.68
32VML2,58.86,7.70
32VML3,59.31,8.56
32VML4,58.86,8.57
32VMM1,60.20,7.65
32VMM2,59.76,7.67
32VMM3,60.21,8.55
32VMM4,59.76,8.55
32VMN1,61.10,7.61
32VMN2,60.65,7.63
32VMN3,61.11,8.54
32VMN4,60.66,8.54
32VMP1,62.00,7.57
32VMP2,61.55,7.59
32VMP3,62.01,8.52
32VMP4,61.56,8.53
32VMQ1,62.90,7.52
32VMQ2,62.45,7.55
32VMQ3,62.90,8.51
32VMQ4,62.46,8.52
32VMR2,63.35,7.50
32VMR3,63.80,8.49
32VMR4,63.35,8.50
32VNH1,56.62,9.41
32VNH2,56.17,9.40
32VNH3,56.61,10.22
32VNH4,56.16,10.21
32VNJ1,57.52,9.42
32VNJ2,57.07,9.41
32VNJ3,57.51,10.25
32VNJ4,57.06,10.24
32VNK4,57.96,10.27
32VNL1,59.31,9.44
32VNL2,58.86,9.43
32VNL3,59.31,10.32
32VNL4,58.86,10.30
32VNM1,60.21,9.45
32VNM2,59.76,9.45
32VNM3,60.20,10.35
32VNM4,59.76,10.33
32VNN1,61.11,9.46
32VNN2,60.66,9.46
32VNN3,61.10,10.39
32VNN4,60.65,10.37
32VNP1,62.01,9.48
32VNP2,61.56,9.47
32VNP3,62.00,10.43
32VNP4,61.55,10.41
32VNQ1,62.90,9.49
32VNQ2,62.46,9.48
32VNQ3,62.90,10.48
32VNQ4,62.45,10.45
32VNR1,63.80,9.51
32VNR2,63.35,9.50
32VNR3,63.79,10.52
32VNR4,63.35,10.50
32VPH1,56.60,11.04
32VPH2,56.15,11.01
32VPH3,56.59,11.72
32VPH4,56.14,11.71
32VPJ1,57.50,11.09
32VPJ2,57.05,11.06
32VPJ3,57.48,12.00
32VPJ4,57.03,12.00
32VPK1,58.40,11.14
32VPK3,58.38,12.00
32VPK4,57.93,12.00
32VPL1,59.30,11.19
32VPL2,58.85,11.17
32VPL3,59.28,12.00
32VPL4,58.83,12.00
32VPM1,60.19,11.25
32VPM2,59.74,11.22
32VPN1,61.09,11.43
32VPN2,60.64,11.41
32VPP1,61.99,11.45
32VPP2,61.54,11.44
32VPQ1,62.88,11.48
32VPQ2,62.43,11.47
32VPR1,63.78,11.51
32VPR2,63.33,11.50
32WNS3,64.69,10.57
32WNS4,64.24,10.55
32WPS1,64.68,11.55
32WPS2,64.23,11.53
32WPT1,65.58,11.58
32WPT2,65.13,11.57
33STA3,36.79,12.48
33STB3,37.69,12.37
33STC4,38.14,12.36
33STV3,35.89,12.51
33STV4,35.44,12.52
33SUB1,37.71,13.01
33SUB2,37.26,13.03
33SUB3,37.71,13.58
33SUB4,37.26,13.59
33SUC1,38.61,12.99
33SUC2,38.16,13.00
33SUC4,38.16,13.57
33SUV1,35.90,13.06
33SVA1,36.82,14.16
33SVA3,36.82,14.72
33SVB1,37.72,14.15
33SVB2,37.27,14.15
33SVB3,37.72,14.72
33SVB4,37.27,14.72
33SVC1,38.62,14.14
33SVC2,38.17,14.14
33SVC3,38.62,14.71
33SVC4,38.17,14.71
33SVV1,35.92,14.17
33SVV3,35.92,14.72
33SWA1,36.82,15.28
33SWB1,37.72,15.28
33SWB2,37.27,15.28
33SWB3,37.72,15.85
33SWB4,37.27,15.85
33SWC1,38.62,15.29
33SWC2,38.17,15.29
33SWC3,38.62,15.86
33SWC4,38.17,15.86
33SWD3,39.52,15.87
33SWD4,39.07,15.87
33SWE2,39.97,15.29
33SWE4,39.97,15.88
33SXC1,38.61,16.44
33SXC2,38.16,16.43
33SXD1,39.52,16.45
33SXD2,39.07,16.44
33SXD3,39.51,17.04
33SXD4,39.06,17.02
33SXE2,39.97,16.46
33SYE2,39.94,17.67
33TTG3,42.20,12.29
33TTG4,41.74,12.30
33TTH3,43.10,12.27
33TTH4,42.65,12.28
33TTJ3,44.00,12.25
33TTJ4,43.55,12.26
33TTK3,44.89,12.23
33TTK4,44.45,12.24
33TTL3,45.79,12.21
33TTL4,45.34,12.22
33TUF1,41.31,12.91
33TUF3,41.32,13.51
33TUF4,40.87,13.52
33TUG1,42.21,12.88
33TUG2,41.76,12.90
33TUG3,42.22,13.49
33TUG4,41.77,13.50
33TUH1,43.11,12.85
33TUH2,42.66,12.86
33TUH3,43.12,13.46
33TUH4,42.67,13.47
33TUJ1,44.01,12.82
33TUJ2,43.56,12.83
33TUJ4,43.57,13.45
33TUK1,44.91,12.78
33TUK3,44.92,13.42
33TUL1,45.81,12.75
33TUL2,45.36,12.77
33TUL3,45.82,13.39
33TUL4,45.37,13.40
33TUM1,46.71,12.71
33TUM2,46.26,12.73
33TUM3,46.72,13.36
33TUM4,46.27,13.38
33TUN1,47.60,12.67
33TUN2,47.16,12.69
33TUN3,47.62,13.34
33TUN4,47.17,13.35
33TVE1,40.42,14.12
33TVE3,40.43,14.71
33TVF1,41.32,14.10
33TVF2,40.87,14.11
33TVF3,41.33,14.70
33TVF4,40.88,14.70
33TVG1,42.22,14.09
33TVG2,41.77,14.10
33TVG3,42.23,14.70
33TVG4,41.78,14.70
33TVH1,43.12,14.08
33TVH2,42.67,14.08
33TVJ3,44.03,14.69
33TVK1,44.92,14.05
33TVK2,44.47,14.06
33TVK3,44.93,14.68
33TVK4,44.48,14.69
33TVL1,45.82,14.03
33TVL2,45.37,14.04
33TVL3,45.83,14.68
33TVL4,45.38,14.68
33TVM1,46.72,14.02
33TVM2,46.27,14.03
33TVM3,46.73,14.67
33TVM4,46.28,14.68
33TVN1,47.62,14.00
33TVN2,47.17,14.01
33TVN3,47.63,14.67
33TVN4,47.18,14.67
33TWE1,40.43,15.29
33TWE3,40.42,15.88
33TWF1,41.33,15.30
33TWF2,40.88,15.30
33TWF3,41.32,15.90
33TWF4,40.87,15.89
33TWG1,42.23,15.30
33TWG2,41.78,15.30
33TWG3,42.22,15.91
33TWG4,41.77,15.90
33TWH2,42.68,15.31
33TWH3,43.12,15.92
33TWJ1,44.03,15.31
33TWJ3,44.02,15.94
33TWJ4,43.57,15.93
33TWK1,44.93,15.32
33TWK2,44.48,15.31
33TWK3,44.92,15.95
33TWK4,44.47,15.94
33TWL1,45.83,15.32
33TWL2,45.38,15.32
33TWL3,45.82,15.97
33TWL4,45.37,15.96
33TWM1,46.73,15.33
33TWM2,46.28,15.32
33TWM3,46.72,15.98
33TWM4,46.27,15.97
33TWN1,47.63,15.33
33TWN2,47.18,15.33
33TWN3,47.62,16.00
33TWN4,47.17,15.99
33TXE1,40.42,16.47
33TXE3,40.41,17.06
33TXF1,41.32,16.49
33TXF2,40.87,16.48
33TXF3,41.31,17.09
33TXF4,40.86,17.08
33TXH1,43.12,16.54
33TXH3,43.11,17.15
33TXH4,42.66,17.14
33TXJ1,44.02,16.56
33TXJ2,43.57,16.55
33TXJ3,44.01,17.18
33TXJ4,43.56,17.17
33TXK1,44.92,16.58
33TXK2,44.47,16.57
33TXK3,44.91,17.22
33TXK4,44.46,17.20
33TXL1,45.82,16.61
33TXL2,45.37,16.60
33TXL3,45.81,17.25
33TXL4,45.36,17.23
33TXM1,46.72,16.64
33TXM2,46.27,16.62
33TXM3,46.71,17.29
33TXM4,46.26,17.27
33TXN1,47.62,16.66
33TXN2,47.17,16.65
33TXN3,47.60,17.33
33TXN4,47.16,17.31
33TYE1,40.39,17.68
33TYF2,40.84,17.69
33TYH1,43.10,17.73
33TYH2,42.65,17.72
33TYJ1,44.00,17.75
33TYJ2,43.55,17.74
33TYK1,44.89,17.77
33TYK2,44.45,17.76
33TYL1,45.79,17.79
33TYL2,45.34,17.78
33TYM1,46.69,18.00
33TYM2,46.24,18.00
33TYN1,47.59,18.00
33TYN2,47.14,18.00
33UUA1,54.79,12.33
33UUA2,54.34,12.35
33UUA3,54.81,13.06
33UUA4,54.36,13.08
33UUB1,55.69,12.31
33UUB2,55.24,12.32
33UUB3,55.70,13.01
33UUB4,55.26,13.03
33UUP1,48.50,12.63
33UUP2,48.05,12.65
33UUP3,48.52,13.31
33UUP4,48.07,13.32
33UUQ1,49.40,12.59
33UUQ2,48.95,12.61
33UUQ3,49.41,13.28
33UUQ4,48.97,13.29
33UUR1,50.30,12.45
33UUR2,49.85,12.57
33UUR3,50.31,13.24
33UUR4,49.86,13.26
33UUS1,51.20,12.43
33UUS2,50.75,12.44
33UUS3,51.21,13.21
33UUS4,50.76,13.23
33UUT1,52.10,12.40
33UUT2,51.65,12.42
33UUT3,52.11,13.17
33UUT4,51.66,13.19
33UUU1,53.00,12.38
33UUU2,52.55,12.39
33UUU3,53.01,13.14
33UUU4,52.56,13.16
33UUV1,53.89,12.36
33UUV2,53.45,12.37
33UUV3,53.91,13.10
33UUV4,53.46,13.12
33UVA2,54.37,13.85
33UVA3,54.82,14.61
33UVB1,55.71,13.81
33UVB2,55.27,13.82
33UVB3,55.72,14.60
33UVB4,55.27,14.61
33UVP1,48.52,13.98
33UVP2,48.07,13.99
33UVP3,48.53,14.66
33UVP4,48.08,14.66
33UVQ1,49.42,13.97
33UVQ2,48.97,13.98
33UVQ3,49.43,14.66
33UVQ4,48.98,14.66
33UVR1,50.32,13.95
33UVR2,49.87,13.96
33UVR3,50.33,14.65
33UVR4,49.88,14.65
33UVS1,51.22,13.93
33UVS2,50.77,13.94
33UVS3,51.23,14.64
33UVS4,50.78,14.65
33UVT1,52.12,13.90
33UVT2,51.67,13.92
33UVT3,52.13,14.63
33UVT4,51.68,14.64
33UVU1,53.02,13.88
33UVU2,52.57,13.89
33UVU3,53.02,14.63
33UVU4,52.57,14.63
33UVV1,53.92,13.86
33UVV2,53.47,13.87
33UVV3,53.92,14.62
33UVV4,53.47,14.62
33UWA1,54.82,15.39
33UWA2,54.37,15.38
33UWA3,54.82,16.17
33UWA4,54.37,16.15
33UWB2,55.27,15.39
33UWP1,48.53,15.34
33UWP2,48.08,15.34
33UWP3,48.52,16.02
33UWP4,48.07,16.01
33UWQ1,49.43,15.34
33UWQ2,48.98,15.34
33UWQ3,49.42,16.03
33UWQ4,48.97,16.02
33UWR1,50.33,15.35
33UWR2,49.88,15.35
33UWR3,50.32,16.05
33UWR4,49.87,16.04
33UWS1,51.23,15.36
33UWS2,50.78,15.35
33UWS3,51.22,16.07
33UWS4,50.77,16.06
33UWT1,52.13,15.37
33UWT2,51.68,15.36
33UWT3,52.12,16.10
33UWT4,51.67,16.08
33UWU1,53.02,15.37
33UWU2,52.57,15.37
33UWU3,53.02,16.12
33UWU4,52.57,16.11
33UWV1,53.92,15.38
33UWV2,53.47,15.38
33UWV3,53.92,16.14
33UWV4,53.47,16.13
33UXA1,54.81,16.94
33UXA2,54.36,16.92
33UXA3,54.79,17.67
33UXA4,54.34,17.65
33UXP1,48.52,16.69
33UXP2,48.07,16.68
33UXP3,48.50,17.37
33UXP4,48.05,17.35
33UXQ1,49.41,16.72
33UXQ2,48.97,16.71
33UXQ3,49.40,17.41
33UXQ4,48.95,17.39
33UXR1,50.31,16.76
33UXR2,49.86,16.74
33UXR3,50.30,17.55
33UXR4,49.85,17.43
33UXS1,51.21,16.79
33UXS2,50.76,16.77
33UXS3,51.20,17.57
33UXS4,50.75,17.56
33UXT1,52.11,16.83
33UXT2,51.66,16.81
33UXT3,52.10,17.60
33UXT4,51.65,17.58
33UXU1,53.01,16.86
33UXU2,52.56,16.84
33UXU3,53.00,17.62
33UXU4,52.55,17.61
33UXV1,53.91,16.90
33UXV2,53.46,16.88
33UXV3,53.89,17.64
33UXV4,53.45,17.63
33UYP1,48.49,18.00
33UYP2,48.04,18.00
33UYQ2,48.94,18.00
33VUC1,56.59,12.28
33VUC2,56.14,12.29
33VUC3,56.60,12.96
33VUC4,56.15,12.99
33VUD3,57.50,12.91
33VUD4,57.05,12.94
33VUE3,58.40,12.86
33VUE4,57.95,12.89
33VUF3,59.30,12.81
33VUF4,58.85,12.83
33VUG3,60.19,12.75
33VUG4,59.74,12.78
33VUH3,61.09,12.57
33VUH4,60.64,12.59
33VUJ3,61.99,12.55
33VUJ4,61.54,12.56
33VUK3,62.88,12.52
33VUK4,62.43,12.53
33VUL3,63.78,12.49
33VUL4,63.33,12.50
33VVC1,56.61,13.78
33VVC2,56.16,13.79
33VVC3,56.62,14.59
33VVC4,56.17,14.60
33VVD1,57.51,13.75
33VVD2,57.06,13.76
33VVD3,57.52,14.58
33VVD4,57.07,14.59
33VVE1,58.41,13.72
33VVE2,57.96,13.73
33VVE3,58.42,14.57
33VVE4,57.97,14.58
33VVF1,59.31,13.68
33VVF2,58.86,13.70
33VVF3,59.31,14.56
33VVF4,58.86,14.57
33VVG1,60.20,13.65
33VVG2,59.76,13.67
33VVG3,60.21,14.55
33VVG4,59.76,14.56
33VVH1,61.10,13.61
33VVH2,60.65,13.63
33VVH3,61.11,14.54
33VVH4,60.66,14.54
33VVJ1,62.00,13.57
33VVJ2,61.55,13.59
33VVJ3,62.01,14.52
33VVJ4,61.56,14.53
33VVK1,62.90,13.52
33VVK2,62.45,13.55
33VVK3,62.90,14.51
33VVK4,62.46,14.52
33VVL1,63.79,13.48
33VVL2,63.35,13.50
33VVL3,63.80,14.49
33VVL4,63.35,14.50
33VWC1,56.62,15.41
33VWC2,56.17,15.40
33VWC3,56.61,16.22
33VWC4,56.16,16.21
33VWD1,57.52,15.42
33VWD2,57.07,15.41
33VWD3,57.51,16.25
33VWD4,57.06,16.24
33VWE1,58.42,15.43
33VWE2,57.97,15.42
33VWE3,58.41,16.28
33VWE4,57.96,16.27
33VWF1,59.31,15.44
33VWF2,58.86,15.43
33VWF3,59.31,16.32
33VWF4,58.86,16.30
33VWG1,60.21,15.45
33VWG2,59.76,15.45
33VWG3,60.20,16.35
33VWG4,59.76,16.33
33VWH1,61.11,15.46
33VWH2,60.66,15.46
33VWH3,61.10,16.39
33VWH4,60.65,16.37
33VWJ1,62.01,15.48
33VWJ2,61.56,15.47
33VWJ3,62.00,16.43
33VWJ4,61.55,16.41
33VWK1,62.90,15.49
33VWK2,62.46,15.48
33VWK3,62.90,16.48
33VWK4,62.45,16.45
33VWL1,63.80,15.51
33VWL2,63.35,15.50
33VWL3,63.79,16.52
33VWL4,63.35,16.50
33VXC1,56.60,17.04
33VXC2,56.15,17.01
33VXD1,57.50,17.09
33VXD2,57.05,17.06
33VXD3,57.48,18.00
33VXD4,57.03,18.00
33VXE1,58.40,17.14
33VXE2,57.95,17.11
33VXE4,57.93,18.00
33VXF1,59.30,17.19
33VXF2,58.85,17.17
33VXF3,59.28,18.00
33VXF4,58.83,18.00
33VXG1,60.19,17.25
33VXG2,59.74,17.22
33VXH1,61.09,17.43
33VXH2,60.64,17.41
33VXJ1,61.99,17.45
33VXJ2,61.54,17.44
33VXK1,62.88,17.48
33VXK2,62.43,17.47
33VXL1,63.78,17.51
33VXL2,63.33,17.50
33WUM3,64.68,12.45
33WUM4,64.23,12.47
33WUN3,65.58,12.42
33WUN4,65.13,12.43
33WUP3,66.47,12.38
33WUP4,66.02,12.40
33WVM1,64.69,13.43
33WVM2,64.24,13.45
33WVM3,64.70,14.48
33WVM4,64.25,14.48
33WVN1,65.59,13.37
33WVN2,65.14,13.40
33WVN3,65.60,14.46
33WVN4,65.15,14.47
33WVP1,66.49,13.32
33WVP2,66.04,13.35
33WVP3,66.49,14.44
33WVP4,66.04,14.45
33WVQ2,66.93,13.28
33WVQ3,67.39,14.42
33WVQ4,66.94,14.43
33WVR1,68.28,13.18
33WVR2,67.83,13.22
33WVR3,68.29,14.39
33WVS4,68.74,14.38
33WWM1,64.70,15.52
33WWM2,64.25,15.52
33WWM3,64.69,16.57
33WWM4,64.24,16.55
33WWN1,65.60,15.54
33WWN2,65.15,15.53
33WWN3,65.59,16.63
33WWN4,65.14,16.60
33WWP1,66.49,15.56
33WWP2,66.04,15.55
33WWP3,66.49,16.68
33WWP4,66.04,16.66
33WWQ1,67.39,15.58
33WWQ2,66.94,15.57
33WWQ3,67.38,16.75
33WWQ4,66.93,16.72
33WWR1,68.29,15.61
33WWR2,67.84,15.59
33WWR3,68.28,16.82
33WWR4,67.83,16.78
33WWS1,69.18,15.63
33WWS2,68.74,15.62
33WWS3,69.17,16.89
33WWS4,68.73,16.85
33WWT4,69.62,16.93
33WXM1,64.68,17.55
33WXM2,64.23,17.53
33WXN1,65.58,17.58
33WXN2,65.13,17.57
33WXP1,66.47,17.62
33WXP2,66.02,17.60
33WXQ1,67.36,18.00
33WXQ2,66.91,18.00
33WXR1,68.26,18.00
33WXR2,67.81,18.00
33WXS2,68.71,18.00
33XVF3,77.25,13.99
33XVG1,78.13,11.73
33XVG3,78.15,13.91
33XVG4,77.70,13.95
33XVH1,79.02,11.47
33XVH2,78.58,11.61
33XVH3,79.04,13.82
33XVH4,78.59,13.87
33XVJ1,79.92,11.16
33XVJ2,79.47,11.32
33XVJ3,79.94,13.72
33XVJ4,79.49,13.77
33XWF1,77.25,16.01
33XWF2,76.80,15.98
33XWF3,77.24,18.04
33XWF4,76.79,17.94
33XWG1,78.15,16.09
33XWG2,77.70,16.05
33XWG3,78.13,18.27
33XWG4,77.68,18.15
33XWH1,79.04,16.18
33XWH2,78.59,16.13
33XWH4,78.58,18.39
33XWJ1,79.94,16.28
33XWJ3,79.92,18.84
33XWJ4,79.47,18.68
33XWK4,80.36,19.34
33XXC1,74.52,19.20
33XXG1,78.10,20.18
33XXG2,77.65,20.10
33XXH1,78.99,21.00
33XXH2,78.55,20.26
33XXJ2,79.44,21.00
34SBK4,39.94,18.33
34SCJ3,39.52,19.55
34SCK4,39.97,19.54
34SDG3,37.72,20.72
34SDH2,38.17,20.14
34SDH3,38.62,20.71
34SDH4,38.17,20.71
34SDJ1,39.52,20.13
34SDJ3,39.52,20.71
34SDJ4,39.07,20.71
34SDK2,39.97,20.12
34SDK4,39.97,20.71
34SEF3,36.82,21.84
34SEG1,37.72,21.28
34SEG2,37.27,21.28
34SEG3,37.72,21.85
34SEG4,37.27,21.85
34SEH1,38.62,21.29
34SEH2,38.17,21.29
34SEH3,38.62,21.86
34SEH4,38.17,21.86
34SEJ1,39.52,21.29
34SEJ2,39.07,21.29
34SEJ3,39.52,21.87
34SEJ4,39.07,21.87
34SEK2,39.97,21.29
34SEK4,39.97,21.88
34SFE3,35.90,22.94
34SFF1,36.81,22.40
34SFF2,36.36,22.39
34SFF3,36.80,22.96
34SFF4,36.35,22.95
34SFG1,37.71,22.42
34SFG2,37.26,22.41
34SFG3,37.71,22.99
34SFG4,37.26,22.97
34SFH1,38.61,22.44
34SFH2,38.16,22.43
34SFH3,38.61,23.01
34SFH4,38.16,23.00
34SFJ1,39.52,22.45
34SFJ2,39.07,22.44
34SFJ3,39.51,23.04
34SFJ4,39.06,23.02
34SFK2,39.97,22.46
34SFK4,39.96,23.05
34SGD3,34.98,24.00
34SGE1,35.89,23.49
34SGE2,35.44,23.48
34SGE4,35.43,24.00
34SGG1,37.69,23.63
34SGG2,37.24,23.54
34SGH1,38.59,23.65
34SGH2,38.14,23.64
34SGJ2,39.04,23.66
34SGK2,39.94,23.67
34TBK3,40.39,18.32
34TBN3,43.10,18.27
34TBN4,42.65,18.28
34TBP3,44.00,18.25
34TBP4,43.55,18.26
34TBQ3,44.89,18.23
34TBQ4,44.45,18.24
34TBR3,45.79,18.21
34TBR4,45.34,18.22
34TCK3,40.42,19.53
34TCL3,41.32,19.51
34TCL4,40.87,19.52
34TCM1,42.21,18.88
34TCM3,42.22,19.49
34TCM4,41.77,19.50
34TCN1,43.11,18.85
34TCN2,42.66,18.86
34TCN3,43.12,19.46
34TCN4,42.67,19.47
34TCP1,44.01,18.82
34TCP2,43.56,18.83
34TCP3,44.02,19.44
34TCP4,43.57,19.45
34TCQ1,44.91,18.78
34TCQ2,44.46,18.80
34TCQ3,44.92,19.42
34TCQ4,44.47,19.43
34TCR1,45.81,18.75
34TCR2,45.36,18.77
34TCR3,45.82,19.39
34TCR4,45.37,19.40
34TCS1,46.71,18.71
34TCS2,46.26,18.73
34TCS3,46.72,19.36
34TCS4,46.27,19.38
34TCT1,47.60,18.67
34TCT2,47.16,18.69
34TCT3,47.62,19.34
34TCT4,47.17,19.35
34TDK1,40.42,20.12
34TDK3,40.43,20.71
34TDL1,41.32,20.10
34TDL2,40.87,20.11
34TDL3,41.33,20.70
34TDL4,40.88,20.70
34TDM1,42.22,20.09
34TDM2,41.77,20.10
34TDM3,42.23,20.70
34TDM4,41.78,20.70
34TDN1,43.12,20.08
34TDN2,42.67,20.08
34TDN3,43.13,20.69
34TDN4,42.68,20.69
34TDP1,44.02,20.06
34TDP2,43.57,20.07
34TDP3,44.03,20.69
34TDP4,43.58,20.69
34TDQ1,44.92,20.05
34TDQ2,44.47,20.06
34TDQ3,44.93,20.68
34TDQ4,44.48,20.69
34TDR1,45.82,20.03
34TDR2,45.37,20.04
34TDR3,45.83,20.68
34TDR4,45.38,20.68
34TDS1,46.72,20.02
34TDS2,46.27,20.03
34TDS3,46.73,20.67
34TDS4,46.28,20.68
34TDT1,47.62,20.00
34TDT2,47.17,20.01
34TDT3,47.63,20.67
34TDT4,47.18,20.67
34TEK1,40.43,21.29
34TEK3,40.42,21.88
34TEL1,41.33,21.30
34TEL2,40.88,21.30
34TEL3,41.32,21.90
34TEL4,40.87,21.89
34TEM1,42.23,21.30
34TEM2,41.78,21.30
34TEM3,42.22,21.91
34TEM4,41.77,21.90
34TEN1,43.13,21.31
34TEN2,42.68,21.31
34TEN3,43.12,21.92
34TEN4,42.67,21.92
34TEP1,44.03,21.31
34TEP2,43.58,21.31
34TEP3,44.02,21.94
34TEP4,43.57,21.93
34TEQ1,44.93,21.32
34TEQ2,44.48,21.31
34TEQ3,44.92,21.95
34TEQ4,44.47,21.94
34TER1,45.83,21.32
34TER2,45.38,21.32
34TER3,45.82,21.97
34TER4,45.37,21.96
34TES1,46.73,21.33
34TES2,46.28,21.32
34TES3,46.72,21.98
34TES4,46.27,21.97
34TET1,47.63,21.33
34TET2,47.18,21.33
34TET3,47.62,22.00
34TET4,47.17,21.99
34TFK1,40.42,22.47
34TFK3,40.41,23.06
34TFL1,41.32,22.49
34TFL2,40.87,22.48
34TFL3,41.31,23.09
34TFL4,40.86,23.08
34TFM1,42.22,22.51
34TFM2,41.77,22.50
34TFM3,42.21,23.12
34TFM4,41.76,23.11
34TFN1,43.12,22.54
34TFN2,42.67,22.53
34TFN3,43.11,23.15
34TFN4,42.66,23.14
34TFP1,44.02,22.56
34TFP2,43.57,22.55
34TFP3,44.01,23.18
34TFP4,43.56,23.17
34TFQ1,44.92,22.58
34TFQ2,44.47,22.57
34TFQ3,44.91,23.22
34TFQ4,44.46,23.20
34TFR1,45.82,22.61
34TFR2,45.37,22.60
34TFR3,45.81,23.25
34TFR4,45.36,23.23
34TFS1,46.72,22.64
34TFS2,46.27,22.62
34TFS3,46.71,23.29
34TFS4,46.26,23.27
34TFT1,47.62,22.66
34TFT2,47.17,22.65
34TFT3,47.60,23.33
34TFT4,47.16,23.31
34TGK1,40.39,23.68
34TGL1,41.29,23.69
34TGL2,40.84,23.69
34TGM1,42.20,23.71
34TGM2,41.74,23.70
34TGN1,43.10,23.73
34TGN2,42.65,23.72
34TGP1,44.00,23.75
34TGP2,43.55,23.74
34TGQ1,44.89,23.77
34TGQ2,44.45,23.76
34TGR1,45.79,23.79
34TGR2,45.34,23.78
34TGS1,46.69,24.00
34TGS2,46.24,24.00
34TGT1,47.59,24.00
34TGT2,47.14,24.00
34UCA1,50.30,18.45
34UCA2,49.85,18.57
34UCA3,50.31,19.24
34UCA4,49.86,19.26
34UCB1,51.20,18.43
34UCB2,50.75,18.44
34UCB3,51.21,19.21
34UCB4,50.76,19.23
34UCC1,52.10,18.40
34UCC2,51.65,18.42
34UCC3,52.11,19.17
34UCC4,51.66,19.19
34UCD1,53.00,18.38
34UCD2,52.55,18.39
34UCD3,53.01,19.14
34UCD4,52.56,19.16
34UCE1,53.89,18.36
34UCE2,53.45,18.37
34UCE3,53.91,19.10
34UCE4,53.46,19.12
34UCF1,54.79,18.33
34UCF2,54.34,18.35
34UCF3,54.81,19.06
34UCF4,54.36,19.08
34UCU1,48.50,18.63
34UCU2,48.05,18.65
34UCU3,48.52,19.31
34UCU4,48.07,19.32
34UCV1,49.40,18.59
34UCV2,48.95,18.61
34UCV3,49.41,19.28
34UCV4,48.97,19.29
34UDA1,50.32,19.95
34UDA2,49.87,19.96
34UDA3,50.33,20.65
34UDA4,49.88,20.65
34UDB1,51.22,19.93
34UDB2,50.77,19.94
34UDB3,51.23,20.64
34UDB4,50.78,20.65
34UDC1,52.12,19.90
34UDC2,51.67,19.92
34UDC3,52.13,20.63
34UDC4,51.68,20.64
34UDD1,53.02,19.88
34UDD2,52.57,19.89
34UDD3,53.02,20.63
34UDD4,52.57,20.63
34UDE1,53.92,19.86
34UDE2,53.47,19.87
34UDE3,53.92,20.62
34UDE4,53.47,20.62
34UDF1,54.82,19.83
34UDF2,54.37,19.85
34UDF3,54.82,20.61
34UDF4,54.37,20.62
34UDG2,55.27,19.82
34UDG4,55.27,20.61
34UDU1,48.52,19.98
34UDU2,48.07,19.99
34UDU3,48.53,20.66
34UDU4,48.08,20.66
34UDV1,49.42,19.97
34UDV2,48.97,19.98
34UDV3,49.43,20.66
34UDV4,48.98,20.66
34UEA1,50.33,21.35
34UEA2,49.88,21.35
34UEA3,50.32,22.05
34UEA4,49.87,22.04
34UEB1,51.23,21.36
34UEB2,50.78,21.35
34UEB3,51.22,22.07
34UEB4,50.77,22.06
34UEC1,52.13,21.37
34UEC2,51.68,21.36
34UEC3,52.12,22.10
34UEC4,51.67,22.08
34UED1,53.02,21.37
34UED2,52.57,21.37
34UED3,53.02,22.12
34UED4,52.57,22.11
34UEE1,53.92,21.38
34UEE2,53.47,21.38
34UEE3,53.92,22.14
34UEE4,53.47,22.13
34UEF1,54.82,21.39
34UEF2,54.37,21.38
34UEF3,54.82,22.17
34UEF4,54.37,22.15
34UEG1,55.72,21.40
34UEG2,55.27,21.39
34UEG3,55.71,22.19
34UEG4,55.27,22.18
34UEU1,48.53,21.34
34UEU2,48.08,21.34
34UEU3,48.52,22.02
34UEU4,48.07,22.01
34UEV1,49.43,21.34
34UEV2,48.98,21.34
34UEV3,49.42,22.03
34UEV4,48.97,22.02
34UFA1,50.31,22.76
34UFA2,49.86,22.74
34UFA3,50.30,23.55
34UFA4,49.85,23.43
34UFB1,51.21,22.79
34UFB2,50.76,22.77
34UFB3,51.20,23.57
34UFB4,50.75,23.56
34UFC1,52.11,22.83
34UFC2,51.66,22.81
34UFC3,52.10,23.60
34UFC4,51.65,23.58
34UFD1,53.01,22.86
34UFD2,52.56,22.84
34UFD3,53.00,23.62
34UFD4,52.55,23.61
34UFE1,53.91,22.90
34UFE2,53.46,22.88
34UFE3,53.89,23.64
34UFE4,53.45,23.63
34UFF1,54.81,22.94
34UFF2,54.36,22.92
34UFF3,54.79,23.67
34UFF4,54.34,23.65
34UFG1,55.70,22.99
34UFG2,55.26,22.97
34UFG3,55.69,23.69
34UFG4,55.24,23.68
34UFU1,48.52,22.69
34UFU2,48.07,22.68
34UFU4,48.05,23.35
34UFV1,49.41,22.72
34UFV2,48.97,22.71
34UFV3,49.40,23.41
34UGU2,48.04,24.00
34VCJ3,57.50,18.91
34VCJ4,57.05,18.94
34VCK3,58.40,18.86
34VCK4,57.95,18.89
34VCL3,59.30,18.81
34VCM3,60.19,18.75
34VCM4,59.74,18.78
34VCN4,60.64,18.59
34VCQ3,62.88,18.52
34VCQ4,62.43,18.53
34VCR3,63.78,18.49
34VCR4,63.33,18.50
34VDK1,58.41,19.72
34VDK2,57.96,19.73
34VDM1,60.20,19.65
34VDM2,59.76,19.67
34VDM3,60.21,20.55
34VDM4,59.76,20.56
34VDN2,60.65,19.63
34VDN3,61.11,20.54
34VDN4,60.66,20.54
34VDP4,61.56,20.53
34VDR1,63.79,19.48
34VDR2,63.35,19.50
34VDR3,63.80,20.49
34VDR4,63.35,20.50
34VEH1,56.62,21.41
34VEH2,56.17,21.40
34VEH3,56.61,22.22
34VEH4,56.16,22.21
34VEJ1,57.52,21.42
34VEJ2,57.07,21.41
34VEJ3,57.51,22.25
34VEJ4,57.06,22.24
34VEK1,58.42,21.43
34VEK2,57.97,21.42
34VEK3,58.41,22.28
34VEK4,57.96,22.27
34VEL3,59.31,22.32
34VEL4,58.86,22.30
34VEM1,60.21,21.45
34VEM2,59.76,21.45
34VEM3,60.20,22.35
34VEM4,59.76,22.33
34VEN1,61.11,21.46
34VEN2,60.66,21.46
34VEN3,61.10,22.39
34VEN4,60.65,22.37
34VEP1,62.01,21.48
34VEP2,61.56,21.47
34VEP3,62.00,22.43
34VEP4,61.55,22.41
34VEQ1,62.90,21.49
34VEQ2,62.46,21.48
34VEQ3,62.90,22.48
34VEQ4,62.45,22.45
34VER2,63.35,21.50
34VER3,63.79,22.52
34VER4,63.35,22.50
34VFH1,56.60,23.04
34VFH2,56.15,23.01
34VFH3,56.59,23.72
34VFH4,56.14,23.71
34VFJ1,57.50,23.09
34VFJ2,57.05,23.06
34VFJ3,57.48,24.00
34VFJ4,57.03,24.00
34VFK1,58.40,23.14
34VFK2,57.95,23.11
34VFK3,58.38,24.00
34VFK4,57.93,24.00
34VFL1,59.30,23.19
34VFL2,58.85,23.17
34VFL3,59.28,24.00
34VFL4,58.83,24.00
34VFM1,60.19,23.25
34VFM2,59.74,23.22
34VFN1,61.09,23.43
34VFN2,60.64,23.41
34VFP1,61.99,23.45
34VFP2,61.54,23.44
34VFQ1,62.88,23.48
34VFQ2,62.43,23.47
34VFR1,63.78,23.51
34VFR2,63.33,23.50
34WCS3,64.68,18.45
34WCS4,64.23,18.47
34WCT3,65.58,18.42
34WCT4,65.13,18.43
34WCU3,66.47,18.38
34WCU4,66.02,18.40
34WDA1,68.28,19.18
34WDA2,67.83,19.22
34WDA3,68.29,20.39
34WDA4,67.84,20.41
34WDB1,69.17,19.11
34WDB2,68.73,19.15
34WDB3,69.18,20.37
34WDB4,68.74,20.38
34WDC1,70.07,18.84
34WDC2,69.62,19.07
34WDC3,70.08,20.34
34WDC4,69.63,20.36
34WDS1,64.69,19.43
34WDS2,64.24,19.45
34WDS3,64.70,20.48
34WDS4,64.25,20.48
34WDT1,65.59,19.37
34WDT2,65.14,19.40
34WDT3,65.60,20.46
34WDT4,65.15,20.47
34WDU1,66.49,19.32
34WDU2,66.04,19.34
34WDU3,66.49,20.44
34WDU4,66.04,20.45
34WDV1,67.38,19.25
34WDV2,66.93,19.28
34WDV3,67.39,20.42
34WDV4,66.94,20.43
34WEA1,68.29,21.61
34WEA2,67.84,21.59
34WEA3,68.28,22.82
34WEA4,67.83,22.78
34WEB1,69.18,21.63
34WEB2,68.74,21.62
34WEB3,69.17,22.89
34WEB4,68.73,22.85
34WEC1,70.08,21.66
34WEC2,69.63,21.64
34WEC3,70.07,23.16
34WEC4,69.62,22.93
34WED2,70.53,21.67
34WED3,70.97,23.19
34WED4,70.52,23.17
34WES1,64.70,21.52
34WES2,64.25,21.52
34WES4,64.24,22.55
34WET1,65.60,21.54
34WET2,65.15,21.53
34WET3,65.59,22.63
34WEU1,66.49,21.56
34WEU2,66.04,21.55
34WEU3,66.49,22.68
34WEU4,66.04,22.66
34WEV1,67.39,21.58
34WEV2,66.94,21.57
34WEV3,67.38,22.75
34WEV4,66.93,22.72
34WFA1,68.26,24.00
34WFA2,67.81,24.00
34WFB2,68.71,24.00
34WFS2,64.23,23.53
34WFT1,65.58,23.58
34WFU1,66.47,23.62
34WFU2,66.02,23.60
34WFV1,67.36,24.00
34WFV2,66.91,24.00
35SKA3,36.79,24.48
35SKB3,37.69,24.37
35SKB4,37.24,24.46
35SKC3,38.59,24.35
35SKC4,38.14,24.36
35SKD3,39.49,24.34
35SKD4,39.04,24.34
35SKE4,39.94,24.33
35SKU3,34.99,24.53
35SKV4,35.44,24.52
35SLA1,36.80,25.04
35SLA3,36.81,25.60
35SLA4,36.36,25.61
35SLB1,37.71,25.01
35SLB2,37.26,25.03
35SLB4,37.26,25.59
35SLC3,38.61,25.56
35SLE2,39.96,24.95
35SLE4,39.97,25.54
35SLU1,35.00,25.08
35SLU3,35.01,25.63
35SLV2,35.45,25.07
35SLV4,35.46,25.62
35SMA1,36.82,26.16
35SMA2,36.37,26.16
35SMA3,36.82,26.72
35SMB1,37.72,26.15
35SMB3,37.72,26.72
35SMB4,37.27,26.72
35SMC1,38.62,26.14
35SMC2,38.17,26.14
35SMD1,39.52,26.13
35SMD2,39.07,26.13
35SMD4,39.07,26.71
35SME2,39.97,26.12
35SMU1,35.01,26.18
35SMV1,35.92,26.17
35SMV2,35.47,26.17
35SNA1,36.82,27.28
35SNA2,36.37,27.28
35SNA3,36.82,27.84
35SNA4,36.37,27.84
35SNU1,35.02,27.27
35SNV1,35.92,27.28
35SNV2,35.47,27.28
35SNV3,35.92,27.83
35SPA2,36.36,28.39
35SQA2,36.34,29.51
35TKE3,40.39,24.32
35TKF3,41.29,24.31
35TKF4,40.84,24.31
35TKG3,42.20,24.29
35TKG4,41.74,24.30
35TKH3,43.10,24.27
35TKH4,42.65,24.28
35TKJ3,44.00,24.25
35TKJ4,43.55,24.26
35TKK3,44.89,24.23
35TKK4,44.45,24.24
35TKL3,45.79,24.21
35TKL4,45.34,24.22
35TLE3,40.42,25.53
35TLF1,41.31,24.91
35TLF2,40.86,24.92
35TLF3,41.32,25.51
35TLF4,40.87,25.52
35TLG1,42.21,24.88
35TLG2,41.76,24.90
35TLG3,42.22,25.49
35TLG4,41.77,25.50
35TLH1,43.11,24.85
35TLH2,42.66,24.86
35TLH3,43.12,25.46
35TLH4,42.67,25.47
35TLJ1,44.01,24.82
35TLJ2,43.56,24.83
35TLJ3,44.02,25.44
35TLJ4,43.57,25.45
35TLK1,44.91,24.78
35TLK2,44.46,24.80
35TLK3,44.92,25.42
35TLK4,44.47,25.43
35TLL1,45.81,24.75
35TLL2,45.36,24.77
35TLL3,45.82,25.39
35TLL4,45.37,25.40
35TLM1,46.71,24.71
35TLM2,46.26,24.73
35TLM3,46.72,25.36
35TLM4,46.27,25.38
35TLN1,47.60,24.67
35TLN2,47.16,24.69
35TLN3,47.62,25.34
35TLN4,47.17,25.35
35TME1,40.42,26.12
35TME3,40.43,26.71
35TMF1,41.32,26.10
35TMF2,40.87,26.11
35TMF3,41.33,26.70
35TMF4,40.88,26.70
35TMG1,42.22,26.09
35TMG2,41.77,26.10
35TMG3,42.23,26.70
35TMG4,41.78,26.70
35TMH1,43.12,26.08
35TMH2,42.67,26.08
35TMH3,43.13,26.69
35TMH4,42.68,26.69
35TMJ1,44.02,26.06
35TMJ2,43.57,26.07
35TMJ3,44.03,26.69
35TMJ4,43.58,26.69
35TMK1,44.92,26.05
35TMK2,44.47,26.06
35TMK3,44.93,26.68
35TMK4,44.48,26.69
35TML1,45.82,26.03
35TML2,45.37,26.04
35TML3,45.83,26.68
35TML4,45.38,26.68
35TMM1,46.72,26.02
35TMM2,46.27,26.03
35TMM3,46.73,26.67
35TMM4,46.28,26.68
35TMN1,47.62,26.00
35TMN2,47.17,26.01
35TMN3,47.63,26.67
35TMN4,47.18,26.67
35TNF1,41.33,27.30
35TNF2,40.88,27.30
35TNF3,41.32,27.90
35TNG1,42.23,27.30
35TNG2,41.78,27.30
35TNG3,42.22,27.91
35TNG4,41.77,27.90
35TNH1,43.13,27.31
35TNH2,42.68,27.31
35TNH3,43.12,27.92
35TNH4,42.67,27.92
35TNJ1,44.03,27.31
35TNJ2,43.58,27.31
35TNJ3,44.02,27.94
35TNJ4,43.57,27.93
35TNK1,44.93,27.32
35TNK2,44.48,27.31
35TNK3,44.92,27.95
35TNK4,44.47,27.94
35TNL1,45.83,27.32
35TNL2,45.38,27.32
35TNL3,45.82,27.97
35TNL4,45.37,27.96
35TNM1,46.73,27.33
35TNM2,46.28,27.32
35TNM3,46.72,27.98
35TNM4,46.27,27.97
35TNN1,47.63,27.33
35TNN2,47.18,27.33
35TNN4,47.17,27.99
35TPF1,41.32,28.49
35TPF2,40.87,28.48
35TPF3,41.31,29.09
35TPF4,40.86,29.08
35TPJ1,44.02,28.56
35TPJ2,43.57,28.55
35TPK1,44.92,28.58
35TPK2,44.47,28.57
35TPK3,44.91,29.22
35TPL2,45.37,28.60
35TPL4,45.36,29.23
35TQK1,44.89,29.77
35TQL2,45.34,29.78
35ULA1,54.79,24.33
35ULA2,54.34,24.35
35ULA3,54.81,25.06
35ULA4,54.36,25.08
35ULB1,55.69,24.31
35ULB2,55.24,24.32
35ULB3,55.70,25.01
35ULB4,55.26,25.03
35ULP2,48.05,24.65
35ULP4,48.07,25.32
35ULS2,50.75,24.44
35ULV1,53.89,24.36
35ULV3,53.91,25.10
35UMA1,54.82,25.83
35UMA2,54.37,25.85
35UMB1,55.71,25.81
35UMB2,55.27,25.82
35UMB3,55.72,26.60
35UMB4,55.27,26.61
35UMP2,48.07,25.99
35UMP4,48.08,26.66
35UNB1,55.72,27.40
35UNP2,48.08,27.34
35VLC1,56.59,24.28
35VLC2,56.14,24.29
35VLC3,56.60,24.96
35VLC4,56.15,24.99
35VLD3,57.50,24.91
35VLD4,57.05,24.94
35VLE3,58.40,24.86
35VLE4,57.95,24.89
35VLF3,59.30,24.81
35VLF4,58.85,24.83
35VLG3,60.19,24.75
35VLG4,59.74,24.78
35VLH3,61.09,24.57
35VLH4,60.64,24.59
35VLJ3,61.99,24.55
35VLJ4,61.54,24.56
35VLK3,62.88,24.52
35VLK4,62.43,24.53
35VLL3,63.78,24.49
35VLL4,63.33,24.50
35VMC1,56.61,25.78
35VMC2,56.16,25.79
35VMC3,56.62,26.59
35VMC4,56.17,26.60
35VMD1,57.51,25.75
35VMD2,57.06,25.76
35VMD3,57.52,26.58
35VMD4,57.07,26.59
35VME1,58.41,25.72
35VME2,57.96,25.73
35VME3,58.42,26.57
35VME4,57.97,26.58
35VMF1,59.31,25.68
35VMF2,58.86,25.70
35VMF3,59.31,26.56
35VMF4,58.86,26.57
35VMG1,60.20,25.65
35VMG2,59.76,25.67
35VMG3,60.21,26.55
35VMG4,59.76,26.56
35VMH1,61.10,25.61
35VMH2,60.65,25.63
35VMH3,61.11,26.54
35VMH4,60.66,26.54
35VMJ1,62.00,25.57
35VMJ2,61.55,25.59
35VMJ3,62.01,26.52
35VMJ4,61.56,26.53
35VMK1,62.90,25.52
35VMK2,62.45,25.55
35VMK3,62.90,26.51
35VMK4,62.46,26.52
35VML1,63.79,25.48
35VML2,63.35,25.50
35VML3,63.80,26.49
35VML4,63.35,26.50
35VNC1,56.62,27.41
35VNC2,56.17,27.40
35VNC3,56.61,28.22
35VNC4,56.16,28.21
35VND1,57.52,27.42
35VND2,57.07,27.41
35VND4,57.06,28.24
35VNE1,58.42,27.43
35VNE2,57.97,27.42
35VNF1,59.31,27.44
35VNF2,58.86,27.43
35VNF3,59.31,28.32
35VNG1,60.21,27.45
35VNG2,59.76,27.45
35VNH1,61.11,27.46
35VNH2,60.66,27.46
35VNH3,61.10,28.39
35VNH4,60.65,28.37
35VNJ1,62.01,27.48
35VNJ2,61.56,27.47
35VNJ3,62.00,28.43
35VNJ4,61.55,28.41
35VNK1,62.90,27.49
35VNK2,62.46,27.48
35VNK3,62.90,28.48
35VNK4,62.45,28.45
35VNL1,63.80,27.51
35VNL2,63.35,27.50
35VNL3,63.79,28.52
35VNL4,63.35,28.50
35VPH1,61.09,29.43
35VPJ1,61.99,29.45
35VPJ2,61.54,29.44
35VPK1,62.88,29.48
35VPK2,62.43,29.47
35VPL1,63.78,29.51
35VPL2,63.33,29.50
35WLM3,64.68,24.45
35WLM4,64.23,24.47
35WLN3,65.58,24.42
35WLN4,65.13,24.43
35WLP3,66.47,24.38
35WLP4,66.02,24.40
35WMM1,64.69,25.43
35WMM2,64.24,25.45
35WMM3,64.70,26.48
35WMM4,64.25,26.48
35WMN1,65.59,25.37
35WMN2,65.14,25.40
35WMN3,65.60,26.46
35WMN4,65.15,26.47
35WMP1,66.49,25.32
35WMP2,66.04,25.34
35WMP3,66.49,26.44
35WMP4,66.04,26.45
35WMQ1,67.38,25.25
35WMQ2,66.93,25.28
35WMQ3,67.39,26.42
35WMQ4,66.94,26.43
35WMR1,68.28,25.18
35WMR2,67.83,25.22
35WMR3,68.29,26.39
35WMR4,67.84,26.41
35WMS1,69.17,25.11
35WMS2,68.73,25.15
35WMS3,69.18,26.37
35WMS4,68.74,26.38
35WMT1,70.07,24.84
35WMT2,69.62,25.07
35WMT3,70.08,26.34
35WMT4,69.63,26.36
35WMU1,70.97,24.81
35WMU2,70.52,24.83
35WMU3,70.98,26.31
35WMU4,70.53,26.33
35WNM1,64.70,27.52
35WNM2,64.25,27.52
35WNM3,64.69,28.57
35WNM4,64.24,28.55
35WNN1,65.60,27.54
35WNN2,65.15,27.53
35WNN3,65.59,28.63
35WNN4,65.14,28.60
35WNP1,66.49,27.56
35WNP2,66.04,27.55
35WNP3,66.49,28.68
35WNP4,66.04,28.66
35WNQ1,67.39,27.58
35WNQ2,66.94,27.57
35WNQ3,67.38,28.75
35WNQ4,66.93,28.72
35WNR1,68.29,27.61
35WNR2,67.84,27.59
35WNR3,68.28,28.82
35WNR4,67.83,28.78
35WNS1,69.18,27.63
35WNS2,68.74,27.62
35WNS3,69.17,28.89
35WNS4,68.73,28.85
35WNT1,70.08,27.66
35WNT2,69.63,27.64
35WNT3,70.07,29.16
35WNT4,69.62,28.93
35WNU1,70.98,27.69
35WNU2,70.53,27.67
35WNU3,70.97,29.19
35WNU4,70.52,29.17
35WPM1,64.68,29.55
35WPM2,64.23,29.53
35WPN1,65.58,29.58
35WPN2,65.13,29.57
35WPP1,66.47,29.62
35WPP2,66.02,29.60
35WPQ1,67.36,30.00
35WPR2,67.81,30.00
35XLF3,77.21,21.97
35XLG3,78.10,21.82
35XLG4,77.65,21.90
35XLH4,78.55,21.74
35XME1,76.34,24.15
35XME3,76.36,26.05
35XMF1,77.24,23.96
35XMF4,76.80,26.02
35XMG1,78.13,23.73
35XMH4,78.59,25.87
35XMJ2,79.47,23.32
35XMJ3,79.94,25.72
35XMJ4,79.49,25.77
35XMK2,80.36,22.66
35XMK4,80.39,25.66
35XNH1,79.04,28.18
35XNH3,79.02,30.53
35XNJ1,79.94,28.28
35XNK4,80.36,31.34
36VUP3,61.99,30.55
36VUP4,61.54,30.56
36VUQ3,62.88,30.52
36VUQ4,62.43,30.53
36VUR3,63.78,30.49
36VUR4,63.33,30.50
36VVQ1,62.90,31.52
36VVQ2,62.45,31.55
36VVR2,63.35,31.50
36WUS3,64.68,30.45
36WUS4,64.23,30.47
36WVC1,70.07,30.84
36WVC2,69.62,31.07
36WVD2,70.52,30.83
37XDK2,80.36,34.66
